{
    "gender": {
        "male": 1,
        "female": 0
    },
    "education_level": {
        "graduate": 1,
        "primary": 2,
        "undergraduate": 3,
        "secondary": 4,
        "other": 5
    },
    "blood_group": {
        "B+": 1,
        "O-": 2,
        "O+": 3,
        "A-": 4,
        "A+": 5,
        "AB+": 6,
        "B-": 7,
        "AB-": 8
    },
    "weight": {
        "mean": 67.1522,
        "sd": 19.044287859094645
    },
    "height": {
        "mean": 1.6970300000000036,
        "sd": 0.17534829946744887
    },
    "avg_n_drinks_per_week": {
        "mean": 4.7658,
        "sd": 2.879830513030891
    },
    "avg_n_cigret_per_week": {
        "mean": 243.83140000000017,
        "sd": 146.40510417525945
    },
    "n_countries_visited": {
        "mean": 26.081,
        "sd": 13.63114988719761
    }
}